{
  "IsEncrypted": false,
  "Values": {
    "FUNCTIONS_WORKER_RUNTIME": "python",
    "AzureWebJobsStorage": "UseDevelopmentStorage=true",

    "AzureWebJobsStorage": "UseDevelopmentStorage=true",
    "FUNCTIONS_WORKER_RUNTIME": "python",
    "DB_HOST": "techconf-postgres.postgres.database.azure.com",
    "DB_NAME": "techconfdb",
    "DB_USER": "techconfadmin",
    "DB_PASSWORD": "Kishor$123",
    "DB_PORT": "5432",
    "SENDGRID_API_KEY": "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",
    "FROM_EMAIL": "dnyaneshwaripandhare75@gmail.com",
    "SERVICE_BUS_CONNECTION": "Endpoint=sb://techconf-sb-7499.servicebus.windows.net/;SharedAccessKeyName=RootManageSharedAccessKey;SharedAccessKey=zXNC2AkP1hpUsOQ/PRyATCPlBaLIHUoe5+ASbFZO6dY="


  }
}